login,name,company,blog,location,email,hireable,bio,twitter_username,public_repos,followers,following,created_at,updated_at
johnnywalls,Juan Paredes,,,"Madrid, Spain",,,,,19,7,0,2011-01-26T00:32:56Z,2024-03-19T22:14:33Z
jorgearanda,Jorge Aranda,@workday,http://cuevano.ca/,"Victoria, BC",jorge.aranda@cuevano.ca,,,yorchopolis,56,24,23,2011-04-15T02:07:28Z,2025-11-05T12:25:40Z
lazarkrstic,Lazar Krstić,"Faculty of Science, University of Kragujevac",,Serbia,,,Teachng assitant and Ph.D. student of Computer Science ,,4,0,0,2016-05-19T12:41:19Z,2023-10-15T15:11:27Z
nilp0inter,Roberto Abdelkader Martínez Pérez,@BBVA ,,Madrid,robertomartinezp@gmail.com,,,,271,120,122,2011-11-27T23:24:41Z,2025-10-25T23:56:51Z
ricardobur,,,,,,,,,4,7,2,2014-11-20T06:52:13Z,2025-08-21T09:56:07Z
