login,name,company,blog,location,email,hireable,bio,twitter_username,public_repos,followers,following,created_at,updated_at
amebel,Amen Belayneh,,,,,,,,2,0,0,2012-08-11T14:39:59Z,2025-10-07T11:30:22Z
ferrouswheel,JP,,,,,,,,77,63,39,2009-08-27T23:41:18Z,2025-09-10T02:52:24Z
gl-yziquel,,,,,,,,,71,1,0,2023-08-15T16:32:02Z,2025-10-01T09:28:46Z
kasimebrahim,kasim,,,,se.kasim.ebrahim@gmail.com,,,,34,12,0,2015-10-10T09:14:35Z,2025-11-02T03:06:41Z
linas,Linas Vepštas,@opencog,https://linas.org,,linasvepstas@gmail.com,True,AGI-ist,,130,245,1,2009-06-11T14:53:12Z,2025-08-05T00:39:21Z
ngeiswei,Nil Geisweiller,,,,ngeiswei@gmail.com,,,,126,101,2,2011-05-30T18:30:28Z,2025-09-28T11:56:09Z
noskill,Anatoly Belikov,SingularityNet,,"Russia, Chekhov",,,,,92,10,2,2011-04-16T17:22:27Z,2025-09-11T08:59:34Z
rTreutlein,Roman Treutlein,,,,,,,,48,11,0,2012-07-30T11:29:19Z,2025-10-16T10:18:53Z
vsbogd,Vitaly Bogdanov,@singnet @trueagi-io,vsbogd.github.io,Saint-Petersburg,vsbogd@gmail.com,,"Basic, Clipper, Pascal, C, C++, Perl, Objective C, Java, Python, Go, JavaScript, Rust, to be continued...",,70,50,9,2011-08-16T12:45:58Z,2025-10-16T09:32:56Z
