login,name,company,blog,location,email,hireable,bio,twitter_username,public_repos,followers,following,created_at,updated_at
ClementeP,Clemente Pasti,,,,,,,,8,2,0,2020-03-02T09:46:11Z,2025-10-27T20:21:44Z
DRMacIver,David R. MacIver,,http://www.drmaciver.com,England,david@drmaciver.com,,,,61,367,13,2008-10-12T12:07:42Z,2025-09-29T15:56:25Z
benlebrun,Benjamin LeBrun,,,Montreal,,,LLMs + Probabilistic Programming,,9,13,5,2019-02-20T22:45:44Z,2025-10-15T00:13:20Z
gabegrand,Gabe Grand,MIT,gabegrand.com,"Cambridge, MA",grandg@mit.edu,,"PhD student at MIT CSAIL. Formerly ML @reverielabs, @harvardnlp and @google-research.",gabe_grand,18,93,8,2014-12-02T21:35:05Z,2025-05-05T19:53:03Z
mercush,Mauricio Barba Da Costa,,,,,,,,35,2,1,2020-07-27T04:24:30Z,2025-10-08T16:50:36Z
postylem,Jacob Hoover Vigly,,jahoo.github.io,,,,hwæt!,,58,12,8,2013-08-10T12:43:01Z,2025-09-04T22:58:21Z
pre-commit-ci[bot],,,,,,,,,0,0,0,2020-06-13T00:09:59Z,2020-06-13T00:09:59Z
shepardxia,,,,,,,,,7,2,5,2021-01-27T20:02:14Z,2025-10-06T18:46:55Z
sritchie,Sam Ritchie,@perceptual-ai,https://samritchie.io,"Boulder, CO",sam@perceptual.ai,,"@perceptual-ai. Formerly @google AI + ML, @stripe, @twitter, co-founder @racehub. Colorado transplant.",,225,534,62,2009-04-02T03:54:56Z,2025-10-03T18:18:17Z
